{"cameraMode":{"drawMode":0,"name":"Shaded","section":"Shading Mode"},"sceneLighting":true,"audioPlay":false,"sceneViewState":{"showFog":true,"showMaterialUpdate":false,"showSkybox":true,"showFlares":true,"showImageEffects":true,"showParticleSystems":true},"in2DMode":false,"pivot":{"x":-0.09899275004863739,"y":0.13447211682796479,"z":-0.022469162940979005},"rotation":{"x":0.01586708053946495,"y":0.9523981809616089,"z":-0.3002547323703766,"w":0.05032981559634209},"size":0.7938067317008972,"orthographic":false}